area,bedrooms,location,bathrooms,parking,age,price
1460,2,Delhi,3,0,11,181.06241415113647
1894,2,Delhi,4,1,11,196.788652858747
1730,3,Roorkee,1,1,3,139.2645166231543
1695,4,Roorkee,3,1,15,163.67111275218173
2238,2,Roorkee,1,2,3,174.35692350502353
2769,1,Roorkee,2,2,4,197.02313330917855
1066,4,Delhi,2,2,23,165.67747146452314
1838,4,Haridwar,4,0,4,188.07065364289335
930,1,Roorkee,2,2,7,90.93192255752511
2082,2,Roorkee,2,0,30,138.2835621967815
2735,1,Delhi,3,1,9,246.69176204078144
730,4,Delhi,1,2,16,139.12301777907973
2285,5,Dehradun,1,0,27,200.04102204571578
1369,5,Roorkee,3,0,30,120.67433116609729
2991,3,Dehradun,4,2,25,250.23824509860515
2115,1,Delhi,1,1,8,205.50577985930434
3453,1,Delhi,2,1,21,273.26323787451105
3033,3,Haridwar,1,1,18,229.0765278715641
1815,3,Roorkee,2,0,28,152.54879555570062
1555,3,Dehradun,4,0,13,173.53996052014506
2924,4,Delhi,3,0,7,263.1930061493468
1784,1,Delhi,1,0,8,170.2833842661144
1059,4,Dehradun,3,1,21,133.5464513784346
621,3,Haridwar,1,2,10,97.36372840168667
2900,1,Delhi,2,0,22,241.24127216375297
1347,4,Roorkee,3,0,0,140.27904949477227
1074,4,Delhi,1,1,13,166.46413411581662
1682,3,Roorkee,2,2,4,148.6669365411734
3158,1,Dehradun,3,2,20,228.79785757606442
2647,3,Roorkee,3,1,25,183.83171122521424
3347,1,Dehradun,1,1,13,228.59913403111278
1575,5,Roorkee,1,2,3,149.71152315506933
2406,2,Dehradun,1,0,21,175.82301397618136
789,2,Roorkee,2,2,22,93.42413437286272
3334,2,Haridwar,1,1,24,217.97480888934444
1162,3,Roorkee,3,0,0,148.96905651869912
2499,5,Roorkee,3,0,30,200.3915432070471
1867,1,Haridwar,1,1,21,140.46368898955902
3479,4,Delhi,1,1,22,284.07813775855027
2128,1,Delhi,4,1,18,216.04247903527195
1246,4,Roorkee,3,2,7,137.0248973900978
2668,1,Haridwar,2,2,14,196.9160785171629
3488,5,Roorkee,4,0,20,283.3206763061504
2814,4,Dehradun,1,1,14,229.2015208022028
1897,3,Dehradun,1,0,8,181.9291866102854
3035,1,Roorkee,3,0,20,195.2995885989929
1200,1,Delhi,1,0,8,148.12009207602432
2963,4,Delhi,2,0,9,287.83140508508404
2661,3,Roorkee,3,1,19,195.03926353769785
841,3,Roorkee,1,0,24,97.95458846397543
2641,5,Dehradun,3,1,20,239.9170154836438
3424,3,Delhi,1,1,25,273.3202657928459
3212,3,Roorkee,1,2,8,236.11926191244416
1963,3,Dehradun,1,1,2,191.34543559701385
2739,2,Delhi,2,2,30,241.61947969773757
1990,5,Haridwar,2,1,19,171.5882022408763
2078,1,Dehradun,3,1,24,162.67290259340106
3156,4,Delhi,1,1,25,269.099850915588
1375,1,Delhi,1,2,10,162.02953256719962
634,5,Dehradun,2,2,5,137.33537678040543
2853,4,Haridwar,1,0,1,229.63660800746604
2555,5,Dehradun,2,2,6,226.6422451303192
2185,3,Delhi,1,2,17,221.3165828080477
1621,4,Roorkee,3,2,26,153.83968596227058
3213,3,Roorkee,1,2,1,240.49332358344833
1729,1,Dehradun,1,0,26,143.54124580443695
2100,1,Delhi,4,2,16,219.97137723639125
1302,4,Roorkee,2,1,10,138.2834406338275
3049,4,Delhi,1,1,26,263.9336743083308
3377,5,Dehradun,1,2,11,260.74731253187207
2179,5,Roorkee,4,2,26,196.0819457530607
761,3,Delhi,4,1,18,152.9165014973049
801,4,Roorkee,2,1,21,101.527630697563
2581,1,Dehradun,4,0,23,188.64101139343754
1595,5,Delhi,3,1,24,195.2765476767339
2917,5,Roorkee,4,1,6,252.66022282666324
1415,1,Dehradun,3,2,19,138.20855876914678
1055,5,Roorkee,2,1,5,137.977005578981
1875,3,Roorkee,2,0,20,148.35154700904368
1616,4,Haridwar,2,1,23,153.01804911596597
2943,1,Haridwar,2,2,0,228.371270447808
3367,4,Dehradun,2,2,16,262.856642174261
937,5,Haridwar,3,1,28,125.70396621552787
1478,5,Dehradun,3,2,30,162.59179769035967
1676,1,Haridwar,2,0,10,134.70403018054148
1391,3,Roorkee,4,0,21,128.3316230122509
2864,2,Dehradun,1,1,25,210.7970701730697
1363,1,Dehradun,2,1,27,118.23501102669218
2835,2,Roorkee,4,1,17,218.07104900458816
979,2,Dehradun,1,2,20,104.68814158224397
1092,3,Dehradun,2,0,16,126.36502684670913
1780,2,Haridwar,2,0,6,151.18215153380658
2662,2,Dehradun,3,2,16,228.78582307482986
664,3,Delhi,1,0,19,128.7924382120926
3168,2,Roorkee,1,1,8,225.8947563157491
1967,2,Haridwar,4,1,16,159.10051701570424
1752,2,Haridwar,3,1,19,154.19640212695407
2627,1,Delhi,3,0,21,234.9020463649875
3295,1,Roorkee,3,1,21,218.1832719142034
2095,1,Roorkee,3,2,27,158.8488430005228
1762,3,Haridwar,1,2,30,141.771692399197
2122,5,Dehradun,1,0,28,198.38477952148463
3240,2,Haridwar,2,2,7,258.691184988954
991,2,Roorkee,2,2,16,97.40229151648272
2298,3,Delhi,3,0,6,232.62597982879382
1018,2,Haridwar,3,1,0,136.61707581694162
2936,1,Roorkee,3,1,12,216.71657716584568
978,5,Haridwar,2,1,29,117.30711978277385
2396,4,Dehradun,4,0,22,210.01850546323314
2878,2,Haridwar,4,2,18,220.43572312911593
2688,1,Haridwar,2,1,26,174.8843959117258
2782,4,Roorkee,2,1,23,199.5607844281264
800,5,Roorkee,2,0,18,98.36687386598346
2463,4,Roorkee,2,1,29,179.022619479167
1379,1,Haridwar,2,0,29,108.26752090090575
1102,4,Dehradun,2,2,28,135.88371786029217
3054,3,Delhi,3,0,16,283.17400394251257
2351,4,Delhi,3,0,12,234.91816767408966
1404,2,Roorkee,3,0,28,121.49457918781268
2746,2,Roorkee,3,0,29,185.01808924619596
3331,3,Haridwar,2,2,15,247.30929032278056
2495,1,Delhi,4,2,7,246.72355593733283
3373,2,Roorkee,1,1,18,212.93322382750162
2170,5,Dehradun,2,2,17,211.5092779694724
1560,2,Dehradun,1,2,0,159.13161766570445
3260,2,Roorkee,4,1,13,238.1396101120652
2085,1,Roorkee,3,2,18,158.38834915126256
3290,4,Delhi,4,0,14,317.79240111928715
1628,2,Delhi,2,0,17,173.5380801259895
1102,3,Haridwar,3,1,1,132.66202435998545
3414,4,Delhi,2,1,21,288.08487578860195
997,5,Dehradun,3,1,27,134.49118304671796
1470,1,Dehradun,1,0,16,122.55090298154785
3442,5,Roorkee,1,2,17,262.9221322488604
992,4,Delhi,1,0,29,157.62403398391882
806,4,Haridwar,4,1,5,126.26402965000418
1638,4,Dehradun,2,2,18,163.83115541516617
2481,5,Dehradun,4,2,30,230.22632445109124
2084,4,Haridwar,1,0,3,180.10221564575224
1463,5,Haridwar,2,1,0,173.5284545420441
3390,4,Dehradun,1,0,7,265.17338416681037
1163,3,Dehradun,4,2,28,127.23904708002215
1620,4,Haridwar,4,0,22,173.08004161064048
695,5,Dehradun,4,0,6,153.39202138476415
2523,2,Roorkee,1,1,2,181.46269047612492
2357,4,Roorkee,2,1,9,190.2333875205121
3132,2,Haridwar,2,2,9,235.2469231257992
2878,3,Delhi,1,0,18,252.3656543198962
3396,1,Haridwar,2,0,13,235.94835418138265
2278,3,Haridwar,1,0,1,204.67163631013082
1140,4,Delhi,2,2,27,165.3844221800476
1659,2,Delhi,3,2,0,196.85862204369238
3172,2,Delhi,3,1,22,257.02544617588376
1783,5,Roorkee,4,1,22,164.81755968046463
2322,2,Dehradun,3,1,27,187.54498421700958
2419,5,Roorkee,3,0,17,215.5014629081423
3225,1,Dehradun,3,0,6,237.03410960771063
3329,4,Roorkee,1,1,28,230.28530361311118
3204,5,Dehradun,3,0,7,271.18861683141796
2197,1,Roorkee,3,1,0,181.34214618758466
3293,2,Delhi,4,2,24,301.530459406989
1395,2,Haridwar,3,1,22,126.07804981663742
1651,1,Roorkee,3,2,2,139.48948445985422
2243,2,Dehradun,2,0,23,186.61828701655259
1963,1,Delhi,4,1,22,204.0201319170105
2581,5,Roorkee,4,0,26,223.5286586058883
1954,5,Roorkee,4,2,30,182.1414254826077
2263,1,Delhi,4,2,28,210.99066327370355
2129,5,Roorkee,4,2,7,207.92023864553846
2638,5,Haridwar,4,0,21,234.25962864466328
2096,5,Roorkee,1,0,24,175.04385744957892
2837,3,Haridwar,3,0,14,224.29319224885836
2008,4,Haridwar,4,0,4,203.1733975167132
2000,2,Delhi,3,2,2,229.9543647235654
1906,3,Roorkee,3,2,18,173.2872719283002
3280,5,Delhi,1,1,0,308.5896791007171
3275,1,Roorkee,4,1,27,215.88805535746516
1572,5,Roorkee,2,0,14,152.83370949146655
2368,4,Dehradun,1,2,7,222.99207173206685
1882,5,Roorkee,2,2,1,177.27451463210213
1309,1,Delhi,3,2,2,177.5443864709832
2079,4,Haridwar,3,1,23,180.09828950138112
2034,5,Roorkee,1,1,13,175.99995858347856
1248,4,Dehradun,1,2,23,150.7676149008584
917,2,Delhi,2,2,13,149.86379254415922
1857,2,Roorkee,4,2,10,162.50649238524917
1283,5,Delhi,2,1,15,177.18615087216065
1263,4,Dehradun,1,2,3,161.33502852821778
2598,1,Dehradun,2,2,19,203.7538734491286
2231,5,Delhi,1,0,4,257.2110377864436
2095,2,Roorkee,2,0,21,149.06277412037596
1736,2,Haridwar,1,1,20,142.23320262131153
2453,5,Dehradun,1,2,13,223.81006946968603
2120,4,Roorkee,1,2,30,176.2196262381078
3089,2,Roorkee,4,0,22,214.73263574090439
1163,4,Haridwar,2,1,15,135.69717220616272
1891,2,Dehradun,2,0,17,167.9681720777323
2236,2,Dehradun,2,0,6,191.2728729852509
1298,3,Roorkee,1,0,9,115.51853108359578
2760,2,Roorkee,2,0,6,200.1527199431865
601,1,Haridwar,2,2,0,100.64405399887818
1241,5,Haridwar,1,2,22,130.64287760471152
2867,5,Dehradun,3,0,20,244.748757393175
2189,4,Delhi,1,1,18,217.1940334804866
1454,2,Dehradun,2,1,15,153.03037303139874
2359,1,Roorkee,1,1,28,138.95950476172982
3032,4,Dehradun,3,1,18,244.6886252218273
2261,3,Delhi,1,0,3,229.2726950005162
1753,4,Haridwar,2,2,28,172.33919223387474
1676,4,Delhi,3,1,27,197.7539979114161
2307,2,Delhi,4,0,17,221.5434037864544
3377,3,Delhi,2,1,1,312.08425655552475
2295,4,Haridwar,3,1,0,199.64088879667005
2333,1,Delhi,3,0,14,198.92455234703934
2039,1,Delhi,4,2,4,221.86511560042663
2894,5,Delhi,1,2,19,267.8535662051791
1435,3,Roorkee,1,0,10,117.7551374629543
802,3,Delhi,2,2,9,158.47685157839481
722,5,Haridwar,4,0,30,115.6604057101696
1000,4,Delhi,1,0,1,161.7873709541062
1366,3,Delhi,4,0,2,182.48756481063285
893,1,Haridwar,1,2,22,94.69465862624116
2927,1,Delhi,3,0,22,248.7866094236693
797,2,Haridwar,1,1,11,94.34159308976494
2530,3,Delhi,4,2,19,265.62309596838134
3399,4,Haridwar,3,2,4,263.58432186939075
2791,5,Delhi,3,2,4,274.5007986326021
1208,5,Delhi,3,2,5,193.40473544095005
1747,4,Roorkee,4,1,29,155.420311869156
786,2,Roorkee,2,2,8,96.57671559458153
3111,5,Delhi,2,2,1,299.47511153714936
2394,3,Delhi,2,0,20,229.48644317211435
1259,2,Dehradun,4,2,11,138.53268460647647
3411,3,Haridwar,3,1,2,274.75511683258605
2555,1,Dehradun,2,1,19,192.56779057285945
3050,2,Roorkee,4,1,25,223.188366652705
1969,5,Roorkee,2,1,21,174.33680277102167
2586,2,Roorkee,1,2,11,190.18402575323026
2134,2,Roorkee,2,2,23,162.82813824185763
746,2,Delhi,2,1,16,137.4116684801385
2334,2,Roorkee,3,1,9,186.21178207894033
2443,3,Delhi,4,2,29,249.69822024105946
1088,1,Delhi,3,1,23,146.31216935761177
2559,4,Roorkee,3,0,26,200.2170300607081
2263,2,Roorkee,3,1,13,173.6471144457022
3198,5,Haridwar,3,1,22,265.0109377235958
2985,2,Dehradun,3,0,16,223.56386158352586
1240,5,Roorkee,2,0,17,145.70752346328655
2402,3,Haridwar,3,2,18,199.18873639484528
3120,5,Haridwar,3,2,16,244.9537991830556
